source,target,weight
Alabama,Alaska,0
Alabama,Arizona,0
Alabama,Arkansas,0
Alabama,California,0
Alabama,Colorado,0
Alabama,Connecticut,0
Alabama,Delaware,0
Alabama,Diamond Princess cruise ship,0
Alabama,District of Columbia,0
Alabama,Florida,0
Alabama,Georgia,0
Alabama,Grand Princess,0
Alabama,Guam,0
Alabama,Hawaii,0
Alabama,Idaho,0
Alabama,Illinois,0
Alabama,Indiana,0
Alabama,Iowa,0
Alabama,Kansas,0
Alabama,Kentucky,0
Alabama,Louisiana,0
Alabama,Maine,0
Alabama,Maryland,0
Alabama,Massachusetts,0
Alabama,Michigan,0
Alabama,Minnesota,0
Alabama,Mississippi,0
Alabama,Missouri,0
Alabama,Montana,0
Alabama,Nebraska,0
Alabama,Nevada,0
Alabama,New Hampshire,0
Alabama,New Jersey,0
Alabama,New Mexico,0
Alabama,New York,0
Alabama,North Carolina,0
Alabama,North Dakota,0
Alabama,Northern Mariana Islands,0
Alabama,Ohio,0
Alabama,Oklahoma,0
Alabama,Oregon,0
Alabama,Pennsylvania,0
Alabama,Puerto Rico,0
Alabama,Recovered,12705
Alabama,Rhode Island,0
Alabama,South Carolina,0
Alabama,South Dakota,0
Alabama,Tennessee,0
Alabama,Texas,0
Alabama,Utah,0
Alabama,Vermont,0
Alabama,Virgin Islands,0
Alabama,Virginia,0
Alabama,Washington,0
Alabama,West Virginia,0
Alabama,Wisconsin,0
Alabama,Wyoming,0
Alaska,Arizona,0
Alaska,Arkansas,0
Alaska,California,0
Alaska,Colorado,0
Alaska,Connecticut,0
Alaska,Delaware,0
Alaska,Diamond Princess cruise ship,0
Alaska,District of Columbia,0
Alaska,Florida,0
Alaska,Georgia,0
Alaska,Grand Princess,0
Alaska,Guam,0
Alaska,Hawaii,0
Alaska,Idaho,0
Alaska,Illinois,0
Alaska,Indiana,0
Alaska,Iowa,0
Alaska,Kansas,0
Alaska,Kentucky,0
Alaska,Louisiana,0
Alaska,Maine,0
Alaska,Maryland,0
Alaska,Massachusetts,0
Alaska,Michigan,0
Alaska,Minnesota,0
Alaska,Mississippi,0
Alaska,Missouri,0
Alaska,Montana,0
Alaska,Nebraska,0
Alaska,Nevada,0
Alaska,New Hampshire,0
Alaska,New Jersey,0
Alaska,New Mexico,0
Alaska,New York,0
Alaska,North Carolina,0
Alaska,North Dakota,0
Alaska,Northern Mariana Islands,0
Alaska,Ohio,0
Alaska,Oklahoma,0
Alaska,Oregon,0
Alaska,Pennsylvania,0
Alaska,Puerto Rico,0
Alaska,Recovered,12705
Alaska,Rhode Island,0
Alaska,South Carolina,0
Alaska,South Dakota,0
Alaska,Tennessee,0
Alaska,Texas,0
Alaska,Utah,0
Alaska,Vermont,0
Alaska,Virgin Islands,0
Alaska,Virginia,0
Alaska,Washington,0
Alaska,West Virginia,0
Alaska,Wisconsin,0
Alaska,Wyoming,0
Arizona,Arkansas,0
Arizona,California,0
Arizona,Colorado,0
Arizona,Connecticut,0
Arizona,Delaware,0
Arizona,Diamond Princess cruise ship,0
Arizona,District of Columbia,0
Arizona,Florida,0
Arizona,Georgia,0
Arizona,Grand Princess,0
Arizona,Guam,0
Arizona,Hawaii,0
Arizona,Idaho,0
Arizona,Illinois,0
Arizona,Indiana,0
Arizona,Iowa,0
Arizona,Kansas,0
Arizona,Kentucky,0
Arizona,Louisiana,0
Arizona,Maine,0
Arizona,Maryland,0
Arizona,Massachusetts,0
Arizona,Michigan,0
Arizona,Minnesota,0
Arizona,Mississippi,0
Arizona,Missouri,0
Arizona,Montana,0
Arizona,Nebraska,0
Arizona,Nevada,0
Arizona,New Hampshire,0
Arizona,New Jersey,0
Arizona,New Mexico,0
Arizona,New York,0
Arizona,North Carolina,0
Arizona,North Dakota,0
Arizona,Northern Mariana Islands,0
Arizona,Ohio,0
Arizona,Oklahoma,0
Arizona,Oregon,0
Arizona,Pennsylvania,0
Arizona,Puerto Rico,0
Arizona,Recovered,12705
Arizona,Rhode Island,0
Arizona,South Carolina,0
Arizona,South Dakota,0
Arizona,Tennessee,0
Arizona,Texas,0
Arizona,Utah,0
Arizona,Vermont,0
Arizona,Virgin Islands,0
Arizona,Virginia,0
Arizona,Washington,0
Arizona,West Virginia,0
Arizona,Wisconsin,0
Arizona,Wyoming,0
Arkansas,California,0
Arkansas,Colorado,0
Arkansas,Connecticut,0
Arkansas,Delaware,0
Arkansas,Diamond Princess cruise ship,0
Arkansas,District of Columbia,0
Arkansas,Florida,0
Arkansas,Georgia,0
Arkansas,Grand Princess,0
Arkansas,Guam,0
Arkansas,Hawaii,0
Arkansas,Idaho,0
Arkansas,Illinois,0
Arkansas,Indiana,0
Arkansas,Iowa,0
Arkansas,Kansas,0
Arkansas,Kentucky,0
Arkansas,Louisiana,0
Arkansas,Maine,0
Arkansas,Maryland,0
Arkansas,Massachusetts,0
Arkansas,Michigan,0
Arkansas,Minnesota,0
Arkansas,Mississippi,0
Arkansas,Missouri,0
Arkansas,Montana,0
Arkansas,Nebraska,0
Arkansas,Nevada,0
Arkansas,New Hampshire,0
Arkansas,New Jersey,0
Arkansas,New Mexico,0
Arkansas,New York,0
Arkansas,North Carolina,0
Arkansas,North Dakota,0
Arkansas,Northern Mariana Islands,0
Arkansas,Ohio,0
Arkansas,Oklahoma,0
Arkansas,Oregon,0
Arkansas,Pennsylvania,0
Arkansas,Puerto Rico,0
Arkansas,Recovered,12705
Arkansas,Rhode Island,0
Arkansas,South Carolina,0
Arkansas,South Dakota,0
Arkansas,Tennessee,0
Arkansas,Texas,0
Arkansas,Utah,0
Arkansas,Vermont,0
Arkansas,Virgin Islands,0
Arkansas,Virginia,0
Arkansas,Washington,0
Arkansas,West Virginia,0
Arkansas,Wisconsin,0
Arkansas,Wyoming,0
California,Colorado,0
California,Connecticut,0
California,Delaware,0
California,Diamond Princess cruise ship,0
California,District of Columbia,0
California,Florida,0
California,Georgia,0
California,Grand Princess,0
California,Guam,0
California,Hawaii,0
California,Idaho,0
California,Illinois,0
California,Indiana,0
California,Iowa,0
California,Kansas,0
California,Kentucky,0
California,Louisiana,0
California,Maine,0
California,Maryland,0
California,Massachusetts,0
California,Michigan,0
California,Minnesota,0
California,Mississippi,0
California,Missouri,0
California,Montana,0
California,Nebraska,0
California,Nevada,0
California,New Hampshire,0
California,New Jersey,0
California,New Mexico,0
California,New York,0
California,North Carolina,0
California,North Dakota,0
California,Northern Mariana Islands,0
California,Ohio,0
California,Oklahoma,0
California,Oregon,0
California,Pennsylvania,0
California,Puerto Rico,0
California,Recovered,12705
California,Rhode Island,0
California,South Carolina,0
California,South Dakota,0
California,Tennessee,0
California,Texas,0
California,Utah,0
California,Vermont,0
California,Virgin Islands,0
California,Virginia,0
California,Washington,0
California,West Virginia,0
California,Wisconsin,0
California,Wyoming,0
Colorado,Connecticut,0
Colorado,Delaware,0
Colorado,Diamond Princess cruise ship,0
Colorado,District of Columbia,0
Colorado,Florida,0
Colorado,Georgia,0
Colorado,Grand Princess,0
Colorado,Guam,0
Colorado,Hawaii,0
Colorado,Idaho,0
Colorado,Illinois,0
Colorado,Indiana,0
Colorado,Iowa,0
Colorado,Kansas,0
Colorado,Kentucky,0
Colorado,Louisiana,0
Colorado,Maine,0
Colorado,Maryland,0
Colorado,Massachusetts,0
Colorado,Michigan,0
Colorado,Minnesota,0
Colorado,Mississippi,0
Colorado,Missouri,0
Colorado,Montana,0
Colorado,Nebraska,0
Colorado,Nevada,0
Colorado,New Hampshire,0
Colorado,New Jersey,0
Colorado,New Mexico,0
Colorado,New York,0
Colorado,North Carolina,0
Colorado,North Dakota,0
Colorado,Northern Mariana Islands,0
Colorado,Ohio,0
Colorado,Oklahoma,0
Colorado,Oregon,0
Colorado,Pennsylvania,0
Colorado,Puerto Rico,0
Colorado,Recovered,12705
Colorado,Rhode Island,0
Colorado,South Carolina,0
Colorado,South Dakota,0
Colorado,Tennessee,0
Colorado,Texas,0
Colorado,Utah,0
Colorado,Vermont,0
Colorado,Virgin Islands,0
Colorado,Virginia,0
Colorado,Washington,0
Colorado,West Virginia,0
Colorado,Wisconsin,0
Colorado,Wyoming,0
Connecticut,Delaware,0
Connecticut,Diamond Princess cruise ship,0
Connecticut,District of Columbia,0
Connecticut,Florida,0
Connecticut,Georgia,0
Connecticut,Grand Princess,0
Connecticut,Guam,0
Connecticut,Hawaii,0
Connecticut,Idaho,0
Connecticut,Illinois,0
Connecticut,Indiana,0
Connecticut,Iowa,0
Connecticut,Kansas,0
Connecticut,Kentucky,0
Connecticut,Louisiana,0
Connecticut,Maine,0
Connecticut,Maryland,0
Connecticut,Massachusetts,0
Connecticut,Michigan,0
Connecticut,Minnesota,0
Connecticut,Mississippi,0
Connecticut,Missouri,0
Connecticut,Montana,0
Connecticut,Nebraska,0
Connecticut,Nevada,0
Connecticut,New Hampshire,0
Connecticut,New Jersey,0
Connecticut,New Mexico,0
Connecticut,New York,0
Connecticut,North Carolina,0
Connecticut,North Dakota,0
Connecticut,Northern Mariana Islands,0
Connecticut,Ohio,0
Connecticut,Oklahoma,0
Connecticut,Oregon,0
Connecticut,Pennsylvania,0
Connecticut,Puerto Rico,0
Connecticut,Recovered,12705
Connecticut,Rhode Island,0
Connecticut,South Carolina,0
Connecticut,South Dakota,0
Connecticut,Tennessee,0
Connecticut,Texas,0
Connecticut,Utah,0
Connecticut,Vermont,0
Connecticut,Virgin Islands,0
Connecticut,Virginia,0
Connecticut,Washington,0
Connecticut,West Virginia,0
Connecticut,Wisconsin,0
Connecticut,Wyoming,0
Delaware,Diamond Princess cruise ship,0
Delaware,District of Columbia,0
Delaware,Florida,0
Delaware,Georgia,0
Delaware,Grand Princess,0
Delaware,Guam,0
Delaware,Hawaii,0
Delaware,Idaho,0
Delaware,Illinois,0
Delaware,Indiana,0
Delaware,Iowa,0
Delaware,Kansas,0
Delaware,Kentucky,0
Delaware,Louisiana,0
Delaware,Maine,0
Delaware,Maryland,0
Delaware,Massachusetts,0
Delaware,Michigan,0
Delaware,Minnesota,0
Delaware,Mississippi,0
Delaware,Missouri,0
Delaware,Montana,0
Delaware,Nebraska,0
Delaware,Nevada,0
Delaware,New Hampshire,0
Delaware,New Jersey,0
Delaware,New Mexico,0
Delaware,New York,0
Delaware,North Carolina,0
Delaware,North Dakota,0
Delaware,Northern Mariana Islands,0
Delaware,Ohio,0
Delaware,Oklahoma,0
Delaware,Oregon,0
Delaware,Pennsylvania,0
Delaware,Puerto Rico,0
Delaware,Recovered,12705
Delaware,Rhode Island,0
Delaware,South Carolina,0
Delaware,South Dakota,0
Delaware,Tennessee,0
Delaware,Texas,0
Delaware,Utah,0
Delaware,Vermont,0
Delaware,Virgin Islands,0
Delaware,Virginia,0
Delaware,Washington,0
Delaware,West Virginia,0
Delaware,Wisconsin,0
Delaware,Wyoming,0
Diamond Princess cruise ship,District of Columbia,0
Diamond Princess cruise ship,Florida,0
Diamond Princess cruise ship,Georgia,0
Diamond Princess cruise ship,Grand Princess,0
Diamond Princess cruise ship,Guam,0
Diamond Princess cruise ship,Hawaii,0
Diamond Princess cruise ship,Idaho,0
Diamond Princess cruise ship,Illinois,0
Diamond Princess cruise ship,Indiana,0
Diamond Princess cruise ship,Iowa,0
Diamond Princess cruise ship,Kansas,0
Diamond Princess cruise ship,Kentucky,0
Diamond Princess cruise ship,Louisiana,0
Diamond Princess cruise ship,Maine,0
Diamond Princess cruise ship,Maryland,0
Diamond Princess cruise ship,Massachusetts,0
Diamond Princess cruise ship,Michigan,0
Diamond Princess cruise ship,Minnesota,0
Diamond Princess cruise ship,Mississippi,0
Diamond Princess cruise ship,Missouri,0
Diamond Princess cruise ship,Montana,0
Diamond Princess cruise ship,Nebraska,0
Diamond Princess cruise ship,Nevada,0
Diamond Princess cruise ship,New Hampshire,0
Diamond Princess cruise ship,New Jersey,0
Diamond Princess cruise ship,New Mexico,0
Diamond Princess cruise ship,New York,0
Diamond Princess cruise ship,North Carolina,0
Diamond Princess cruise ship,North Dakota,0
Diamond Princess cruise ship,Northern Mariana Islands,0
Diamond Princess cruise ship,Ohio,0
Diamond Princess cruise ship,Oklahoma,0
Diamond Princess cruise ship,Oregon,0
Diamond Princess cruise ship,Pennsylvania,0
Diamond Princess cruise ship,Puerto Rico,0
Diamond Princess cruise ship,Recovered,12705
Diamond Princess cruise ship,Rhode Island,0
Diamond Princess cruise ship,South Carolina,0
Diamond Princess cruise ship,South Dakota,0
Diamond Princess cruise ship,Tennessee,0
Diamond Princess cruise ship,Texas,0
Diamond Princess cruise ship,Utah,0
Diamond Princess cruise ship,Vermont,0
Diamond Princess cruise ship,Virgin Islands,0
Diamond Princess cruise ship,Virginia,0
Diamond Princess cruise ship,Washington,0
Diamond Princess cruise ship,West Virginia,0
Diamond Princess cruise ship,Wisconsin,0
Diamond Princess cruise ship,Wyoming,0
District of Columbia,Florida,0
District of Columbia,Georgia,0
District of Columbia,Grand Princess,0
District of Columbia,Guam,0
District of Columbia,Hawaii,0
District of Columbia,Idaho,0
District of Columbia,Illinois,0
District of Columbia,Indiana,0
District of Columbia,Iowa,0
District of Columbia,Kansas,0
District of Columbia,Kentucky,0
District of Columbia,Louisiana,0
District of Columbia,Maine,0
District of Columbia,Maryland,0
District of Columbia,Massachusetts,0
District of Columbia,Michigan,0
District of Columbia,Minnesota,0
District of Columbia,Mississippi,0
District of Columbia,Missouri,0
District of Columbia,Montana,0
District of Columbia,Nebraska,0
District of Columbia,Nevada,0
District of Columbia,New Hampshire,0
District of Columbia,New Jersey,0
District of Columbia,New Mexico,0
District of Columbia,New York,0
District of Columbia,North Carolina,0
District of Columbia,North Dakota,0
District of Columbia,Northern Mariana Islands,0
District of Columbia,Ohio,0
District of Columbia,Oklahoma,0
District of Columbia,Oregon,0
District of Columbia,Pennsylvania,0
District of Columbia,Puerto Rico,0
District of Columbia,Recovered,12705
District of Columbia,Rhode Island,0
District of Columbia,South Carolina,0
District of Columbia,South Dakota,0
District of Columbia,Tennessee,0
District of Columbia,Texas,0
District of Columbia,Utah,0
District of Columbia,Vermont,0
District of Columbia,Virgin Islands,0
District of Columbia,Virginia,0
District of Columbia,Washington,0
District of Columbia,West Virginia,0
District of Columbia,Wisconsin,0
District of Columbia,Wyoming,0
Florida,Georgia,0
Florida,Grand Princess,0
Florida,Guam,0
Florida,Hawaii,0
Florida,Idaho,0
Florida,Illinois,0
Florida,Indiana,0
Florida,Iowa,0
Florida,Kansas,0
Florida,Kentucky,0
Florida,Louisiana,0
Florida,Maine,0
Florida,Maryland,0
Florida,Massachusetts,0
Florida,Michigan,0
Florida,Minnesota,0
Florida,Mississippi,0
Florida,Missouri,0
Florida,Montana,0
Florida,Nebraska,0
Florida,Nevada,0
Florida,New Hampshire,0
Florida,New Jersey,0
Florida,New Mexico,0
Florida,New York,0
Florida,North Carolina,0
Florida,North Dakota,0
Florida,Northern Mariana Islands,0
Florida,Ohio,0
Florida,Oklahoma,0
Florida,Oregon,0
Florida,Pennsylvania,0
Florida,Puerto Rico,0
Florida,Recovered,12705
Florida,Rhode Island,0
Florida,South Carolina,0
Florida,South Dakota,0
Florida,Tennessee,0
Florida,Texas,0
Florida,Utah,0
Florida,Vermont,0
Florida,Virgin Islands,0
Florida,Virginia,0
Florida,Washington,0
Florida,West Virginia,0
Florida,Wisconsin,0
Florida,Wyoming,0
Georgia,Grand Princess,0
Georgia,Guam,0
Georgia,Hawaii,0
Georgia,Idaho,0
Georgia,Illinois,0
Georgia,Indiana,0
Georgia,Iowa,0
Georgia,Kansas,0
Georgia,Kentucky,0
Georgia,Louisiana,0
Georgia,Maine,0
Georgia,Maryland,0
Georgia,Massachusetts,0
Georgia,Michigan,0
Georgia,Minnesota,0
Georgia,Mississippi,0
Georgia,Missouri,0
Georgia,Montana,0
Georgia,Nebraska,0
Georgia,Nevada,0
Georgia,New Hampshire,0
Georgia,New Jersey,0
Georgia,New Mexico,0
Georgia,New York,0
Georgia,North Carolina,0
Georgia,North Dakota,0
Georgia,Northern Mariana Islands,0
Georgia,Ohio,0
Georgia,Oklahoma,0
Georgia,Oregon,0
Georgia,Pennsylvania,0
Georgia,Puerto Rico,0
Georgia,Recovered,12705
Georgia,Rhode Island,0
Georgia,South Carolina,0
Georgia,South Dakota,0
Georgia,Tennessee,0
Georgia,Texas,0
Georgia,Utah,0
Georgia,Vermont,0
Georgia,Virgin Islands,0
Georgia,Virginia,0
Georgia,Washington,0
Georgia,West Virginia,0
Georgia,Wisconsin,0
Georgia,Wyoming,0
Grand Princess,Guam,0
Grand Princess,Hawaii,0
Grand Princess,Idaho,0
Grand Princess,Illinois,0
Grand Princess,Indiana,0
Grand Princess,Iowa,0
Grand Princess,Kansas,0
Grand Princess,Kentucky,0
Grand Princess,Louisiana,0
Grand Princess,Maine,0
Grand Princess,Maryland,0
Grand Princess,Massachusetts,0
Grand Princess,Michigan,0
Grand Princess,Minnesota,0
Grand Princess,Mississippi,0
Grand Princess,Missouri,0
Grand Princess,Montana,0
Grand Princess,Nebraska,0
Grand Princess,Nevada,0
Grand Princess,New Hampshire,0
Grand Princess,New Jersey,0
Grand Princess,New Mexico,0
Grand Princess,New York,0
Grand Princess,North Carolina,0
Grand Princess,North Dakota,0
Grand Princess,Northern Mariana Islands,0
Grand Princess,Ohio,0
Grand Princess,Oklahoma,0
Grand Princess,Oregon,0
Grand Princess,Pennsylvania,0
Grand Princess,Puerto Rico,0
Grand Princess,Recovered,12705
Grand Princess,Rhode Island,0
Grand Princess,South Carolina,0
Grand Princess,South Dakota,0
Grand Princess,Tennessee,0
Grand Princess,Texas,0
Grand Princess,Utah,0
Grand Princess,Vermont,0
Grand Princess,Virgin Islands,0
Grand Princess,Virginia,0
Grand Princess,Washington,0
Grand Princess,West Virginia,0
Grand Princess,Wisconsin,0
Grand Princess,Wyoming,0
Guam,Hawaii,0
Guam,Idaho,0
Guam,Illinois,0
Guam,Indiana,0
Guam,Iowa,0
Guam,Kansas,0
Guam,Kentucky,0
Guam,Louisiana,0
Guam,Maine,0
Guam,Maryland,0
Guam,Massachusetts,0
Guam,Michigan,0
Guam,Minnesota,0
Guam,Mississippi,0
Guam,Missouri,0
Guam,Montana,0
Guam,Nebraska,0
Guam,Nevada,0
Guam,New Hampshire,0
Guam,New Jersey,0
Guam,New Mexico,0
Guam,New York,0
Guam,North Carolina,0
Guam,North Dakota,0
Guam,Northern Mariana Islands,0
Guam,Ohio,0
Guam,Oklahoma,0
Guam,Oregon,0
Guam,Pennsylvania,0
Guam,Puerto Rico,0
Guam,Recovered,12705
Guam,Rhode Island,0
Guam,South Carolina,0
Guam,South Dakota,0
Guam,Tennessee,0
Guam,Texas,0
Guam,Utah,0
Guam,Vermont,0
Guam,Virgin Islands,0
Guam,Virginia,0
Guam,Washington,0
Guam,West Virginia,0
Guam,Wisconsin,0
Guam,Wyoming,0
Hawaii,Idaho,0
Hawaii,Illinois,0
Hawaii,Indiana,0
Hawaii,Iowa,0
Hawaii,Kansas,0
Hawaii,Kentucky,0
Hawaii,Louisiana,0
Hawaii,Maine,0
Hawaii,Maryland,0
Hawaii,Massachusetts,0
Hawaii,Michigan,0
Hawaii,Minnesota,0
Hawaii,Mississippi,0
Hawaii,Missouri,0
Hawaii,Montana,0
Hawaii,Nebraska,0
Hawaii,Nevada,0
Hawaii,New Hampshire,0
Hawaii,New Jersey,0
Hawaii,New Mexico,0
Hawaii,New York,0
Hawaii,North Carolina,0
Hawaii,North Dakota,0
Hawaii,Northern Mariana Islands,0
Hawaii,Ohio,0
Hawaii,Oklahoma,0
Hawaii,Oregon,0
Hawaii,Pennsylvania,0
Hawaii,Puerto Rico,0
Hawaii,Recovered,12705
Hawaii,Rhode Island,0
Hawaii,South Carolina,0
Hawaii,South Dakota,0
Hawaii,Tennessee,0
Hawaii,Texas,0
Hawaii,Utah,0
Hawaii,Vermont,0
Hawaii,Virgin Islands,0
Hawaii,Virginia,0
Hawaii,Washington,0
Hawaii,West Virginia,0
Hawaii,Wisconsin,0
Hawaii,Wyoming,0
Idaho,Illinois,0
Idaho,Indiana,0
Idaho,Iowa,0
Idaho,Kansas,0
Idaho,Kentucky,0
Idaho,Louisiana,0
Idaho,Maine,0
Idaho,Maryland,0
Idaho,Massachusetts,0
Idaho,Michigan,0
Idaho,Minnesota,0
Idaho,Mississippi,0
Idaho,Missouri,0
Idaho,Montana,0
Idaho,Nebraska,0
Idaho,Nevada,0
Idaho,New Hampshire,0
Idaho,New Jersey,0
Idaho,New Mexico,0
Idaho,New York,0
Idaho,North Carolina,0
Idaho,North Dakota,0
Idaho,Northern Mariana Islands,0
Idaho,Ohio,0
Idaho,Oklahoma,0
Idaho,Oregon,0
Idaho,Pennsylvania,0
Idaho,Puerto Rico,0
Idaho,Recovered,12705
Idaho,Rhode Island,0
Idaho,South Carolina,0
Idaho,South Dakota,0
Idaho,Tennessee,0
Idaho,Texas,0
Idaho,Utah,0
Idaho,Vermont,0
Idaho,Virgin Islands,0
Idaho,Virginia,0
Idaho,Washington,0
Idaho,West Virginia,0
Idaho,Wisconsin,0
Idaho,Wyoming,0
Illinois,Indiana,0
Illinois,Iowa,0
Illinois,Kansas,0
Illinois,Kentucky,0
Illinois,Louisiana,0
Illinois,Maine,0
Illinois,Maryland,0
Illinois,Massachusetts,0
Illinois,Michigan,0
Illinois,Minnesota,0
Illinois,Mississippi,0
Illinois,Missouri,0
Illinois,Montana,0
Illinois,Nebraska,0
Illinois,Nevada,0
Illinois,New Hampshire,0
Illinois,New Jersey,0
Illinois,New Mexico,0
Illinois,New York,0
Illinois,North Carolina,0
Illinois,North Dakota,0
Illinois,Northern Mariana Islands,0
Illinois,Ohio,0
Illinois,Oklahoma,0
Illinois,Oregon,0
Illinois,Pennsylvania,0
Illinois,Puerto Rico,0
Illinois,Recovered,12705
Illinois,Rhode Island,0
Illinois,South Carolina,0
Illinois,South Dakota,0
Illinois,Tennessee,0
Illinois,Texas,0
Illinois,Utah,0
Illinois,Vermont,0
Illinois,Virgin Islands,0
Illinois,Virginia,0
Illinois,Washington,0
Illinois,West Virginia,0
Illinois,Wisconsin,0
Illinois,Wyoming,0
Indiana,Iowa,0
Indiana,Kansas,0
Indiana,Kentucky,0
Indiana,Louisiana,0
Indiana,Maine,0
Indiana,Maryland,0
Indiana,Massachusetts,0
Indiana,Michigan,0
Indiana,Minnesota,0
Indiana,Mississippi,0
Indiana,Missouri,0
Indiana,Montana,0
Indiana,Nebraska,0
Indiana,Nevada,0
Indiana,New Hampshire,0
Indiana,New Jersey,0
Indiana,New Mexico,0
Indiana,New York,0
Indiana,North Carolina,0
Indiana,North Dakota,0
Indiana,Northern Mariana Islands,0
Indiana,Ohio,0
Indiana,Oklahoma,0
Indiana,Oregon,0
Indiana,Pennsylvania,0
Indiana,Puerto Rico,0
Indiana,Recovered,12705
Indiana,Rhode Island,0
Indiana,South Carolina,0
Indiana,South Dakota,0
Indiana,Tennessee,0
Indiana,Texas,0
Indiana,Utah,0
Indiana,Vermont,0
Indiana,Virgin Islands,0
Indiana,Virginia,0
Indiana,Washington,0
Indiana,West Virginia,0
Indiana,Wisconsin,0
Indiana,Wyoming,0
Iowa,Kansas,0
Iowa,Kentucky,0
Iowa,Louisiana,0
Iowa,Maine,0
Iowa,Maryland,0
Iowa,Massachusetts,0
Iowa,Michigan,0
Iowa,Minnesota,0
Iowa,Mississippi,0
Iowa,Missouri,0
Iowa,Montana,0
Iowa,Nebraska,0
Iowa,Nevada,0
Iowa,New Hampshire,0
Iowa,New Jersey,0
Iowa,New Mexico,0
Iowa,New York,0
Iowa,North Carolina,0
Iowa,North Dakota,0
Iowa,Northern Mariana Islands,0
Iowa,Ohio,0
Iowa,Oklahoma,0
Iowa,Oregon,0
Iowa,Pennsylvania,0
Iowa,Puerto Rico,0
Iowa,Recovered,12705
Iowa,Rhode Island,0
Iowa,South Carolina,0
Iowa,South Dakota,0
Iowa,Tennessee,0
Iowa,Texas,0
Iowa,Utah,0
Iowa,Vermont,0
Iowa,Virgin Islands,0
Iowa,Virginia,0
Iowa,Washington,0
Iowa,West Virginia,0
Iowa,Wisconsin,0
Iowa,Wyoming,0
Kansas,Kentucky,0
Kansas,Louisiana,0
Kansas,Maine,0
Kansas,Maryland,0
Kansas,Massachusetts,0
Kansas,Michigan,0
Kansas,Minnesota,0
Kansas,Mississippi,0
Kansas,Missouri,0
Kansas,Montana,0
Kansas,Nebraska,0
Kansas,Nevada,0
Kansas,New Hampshire,0
Kansas,New Jersey,0
Kansas,New Mexico,0
Kansas,New York,0
Kansas,North Carolina,0
Kansas,North Dakota,0
Kansas,Northern Mariana Islands,0
Kansas,Ohio,0
Kansas,Oklahoma,0
Kansas,Oregon,0
Kansas,Pennsylvania,0
Kansas,Puerto Rico,0
Kansas,Recovered,12705
Kansas,Rhode Island,0
Kansas,South Carolina,0
Kansas,South Dakota,0
Kansas,Tennessee,0
Kansas,Texas,0
Kansas,Utah,0
Kansas,Vermont,0
Kansas,Virgin Islands,0
Kansas,Virginia,0
Kansas,Washington,0
Kansas,West Virginia,0
Kansas,Wisconsin,0
Kansas,Wyoming,0
Kentucky,Louisiana,0
Kentucky,Maine,0
Kentucky,Maryland,0
Kentucky,Massachusetts,0
Kentucky,Michigan,0
Kentucky,Minnesota,0
Kentucky,Mississippi,0
Kentucky,Missouri,0
Kentucky,Montana,0
Kentucky,Nebraska,0
Kentucky,Nevada,0
Kentucky,New Hampshire,0
Kentucky,New Jersey,0
Kentucky,New Mexico,0
Kentucky,New York,0
Kentucky,North Carolina,0
Kentucky,North Dakota,0
Kentucky,Northern Mariana Islands,0
Kentucky,Ohio,0
Kentucky,Oklahoma,0
Kentucky,Oregon,0
Kentucky,Pennsylvania,0
Kentucky,Puerto Rico,0
Kentucky,Recovered,12705
Kentucky,Rhode Island,0
Kentucky,South Carolina,0
Kentucky,South Dakota,0
Kentucky,Tennessee,0
Kentucky,Texas,0
Kentucky,Utah,0
Kentucky,Vermont,0
Kentucky,Virgin Islands,0
Kentucky,Virginia,0
Kentucky,Washington,0
Kentucky,West Virginia,0
Kentucky,Wisconsin,0
Kentucky,Wyoming,0
Louisiana,Maine,0
Louisiana,Maryland,0
Louisiana,Massachusetts,0
Louisiana,Michigan,0
Louisiana,Minnesota,0
Louisiana,Mississippi,0
Louisiana,Missouri,0
Louisiana,Montana,0
Louisiana,Nebraska,0
Louisiana,Nevada,0
Louisiana,New Hampshire,0
Louisiana,New Jersey,0
Louisiana,New Mexico,0
Louisiana,New York,0
Louisiana,North Carolina,0
Louisiana,North Dakota,0
Louisiana,Northern Mariana Islands,0
Louisiana,Ohio,0
Louisiana,Oklahoma,0
Louisiana,Oregon,0
Louisiana,Pennsylvania,0
Louisiana,Puerto Rico,0
Louisiana,Recovered,12705
Louisiana,Rhode Island,0
Louisiana,South Carolina,0
Louisiana,South Dakota,0
Louisiana,Tennessee,0
Louisiana,Texas,0
Louisiana,Utah,0
Louisiana,Vermont,0
Louisiana,Virgin Islands,0
Louisiana,Virginia,0
Louisiana,Washington,0
Louisiana,West Virginia,0
Louisiana,Wisconsin,0
Louisiana,Wyoming,0
Maine,Maryland,0
Maine,Massachusetts,0
Maine,Michigan,0
Maine,Minnesota,0
Maine,Mississippi,0
Maine,Missouri,0
Maine,Montana,0
Maine,Nebraska,0
Maine,Nevada,0
Maine,New Hampshire,0
Maine,New Jersey,0
Maine,New Mexico,0
Maine,New York,0
Maine,North Carolina,0
Maine,North Dakota,0
Maine,Northern Mariana Islands,0
Maine,Ohio,0
Maine,Oklahoma,0
Maine,Oregon,0
Maine,Pennsylvania,0
Maine,Puerto Rico,0
Maine,Recovered,12705
Maine,Rhode Island,0
Maine,South Carolina,0
Maine,South Dakota,0
Maine,Tennessee,0
Maine,Texas,0
Maine,Utah,0
Maine,Vermont,0
Maine,Virgin Islands,0
Maine,Virginia,0
Maine,Washington,0
Maine,West Virginia,0
Maine,Wisconsin,0
Maine,Wyoming,0
Maryland,Massachusetts,0
Maryland,Michigan,0
Maryland,Minnesota,0
Maryland,Mississippi,0
Maryland,Missouri,0
Maryland,Montana,0
Maryland,Nebraska,0
Maryland,Nevada,0
Maryland,New Hampshire,0
Maryland,New Jersey,0
Maryland,New Mexico,0
Maryland,New York,0
Maryland,North Carolina,0
Maryland,North Dakota,0
Maryland,Northern Mariana Islands,0
Maryland,Ohio,0
Maryland,Oklahoma,0
Maryland,Oregon,0
Maryland,Pennsylvania,0
Maryland,Puerto Rico,0
Maryland,Recovered,12705
Maryland,Rhode Island,0
Maryland,South Carolina,0
Maryland,South Dakota,0
Maryland,Tennessee,0
Maryland,Texas,0
Maryland,Utah,0
Maryland,Vermont,0
Maryland,Virgin Islands,0
Maryland,Virginia,0
Maryland,Washington,0
Maryland,West Virginia,0
Maryland,Wisconsin,0
Maryland,Wyoming,0
Massachusetts,Michigan,0
Massachusetts,Minnesota,0
Massachusetts,Mississippi,0
Massachusetts,Missouri,0
Massachusetts,Montana,0
Massachusetts,Nebraska,0
Massachusetts,Nevada,0
Massachusetts,New Hampshire,0
Massachusetts,New Jersey,0
Massachusetts,New Mexico,0
Massachusetts,New York,0
Massachusetts,North Carolina,0
Massachusetts,North Dakota,0
Massachusetts,Northern Mariana Islands,0
Massachusetts,Ohio,0
Massachusetts,Oklahoma,0
Massachusetts,Oregon,0
Massachusetts,Pennsylvania,0
Massachusetts,Puerto Rico,0
Massachusetts,Recovered,12705
Massachusetts,Rhode Island,0
Massachusetts,South Carolina,0
Massachusetts,South Dakota,0
Massachusetts,Tennessee,0
Massachusetts,Texas,0
Massachusetts,Utah,0
Massachusetts,Vermont,0
Massachusetts,Virgin Islands,0
Massachusetts,Virginia,0
Massachusetts,Washington,0
Massachusetts,West Virginia,0
Massachusetts,Wisconsin,0
Massachusetts,Wyoming,0
Michigan,Minnesota,0
Michigan,Mississippi,0
Michigan,Missouri,0
Michigan,Montana,0
Michigan,Nebraska,0
Michigan,Nevada,0
Michigan,New Hampshire,0
Michigan,New Jersey,0
Michigan,New Mexico,0
Michigan,New York,0
Michigan,North Carolina,0
Michigan,North Dakota,0
Michigan,Northern Mariana Islands,0
Michigan,Ohio,0
Michigan,Oklahoma,0
Michigan,Oregon,0
Michigan,Pennsylvania,0
Michigan,Puerto Rico,0
Michigan,Recovered,12705
Michigan,Rhode Island,0
Michigan,South Carolina,0
Michigan,South Dakota,0
Michigan,Tennessee,0
Michigan,Texas,0
Michigan,Utah,0
Michigan,Vermont,0
Michigan,Virgin Islands,0
Michigan,Virginia,0
Michigan,Washington,0
Michigan,West Virginia,0
Michigan,Wisconsin,0
Michigan,Wyoming,0
Minnesota,Mississippi,0
Minnesota,Missouri,0
Minnesota,Montana,0
Minnesota,Nebraska,0
Minnesota,Nevada,0
Minnesota,New Hampshire,0
Minnesota,New Jersey,0
Minnesota,New Mexico,0
Minnesota,New York,0
Minnesota,North Carolina,0
Minnesota,North Dakota,0
Minnesota,Northern Mariana Islands,0
Minnesota,Ohio,0
Minnesota,Oklahoma,0
Minnesota,Oregon,0
Minnesota,Pennsylvania,0
Minnesota,Puerto Rico,0
Minnesota,Recovered,12705
Minnesota,Rhode Island,0
Minnesota,South Carolina,0
Minnesota,South Dakota,0
Minnesota,Tennessee,0
Minnesota,Texas,0
Minnesota,Utah,0
Minnesota,Vermont,0
Minnesota,Virgin Islands,0
Minnesota,Virginia,0
Minnesota,Washington,0
Minnesota,West Virginia,0
Minnesota,Wisconsin,0
Minnesota,Wyoming,0
Mississippi,Missouri,0
Mississippi,Montana,0
Mississippi,Nebraska,0
Mississippi,Nevada,0
Mississippi,New Hampshire,0
Mississippi,New Jersey,0
Mississippi,New Mexico,0
Mississippi,New York,0
Mississippi,North Carolina,0
Mississippi,North Dakota,0
Mississippi,Northern Mariana Islands,0
Mississippi,Ohio,0
Mississippi,Oklahoma,0
Mississippi,Oregon,0
Mississippi,Pennsylvania,0
Mississippi,Puerto Rico,0
Mississippi,Recovered,12705
Mississippi,Rhode Island,0
Mississippi,South Carolina,0
Mississippi,South Dakota,0
Mississippi,Tennessee,0
Mississippi,Texas,0
Mississippi,Utah,0
Mississippi,Vermont,0
Mississippi,Virgin Islands,0
Mississippi,Virginia,0
Mississippi,Washington,0
Mississippi,West Virginia,0
Mississippi,Wisconsin,0
Mississippi,Wyoming,0
Missouri,Montana,0
Missouri,Nebraska,0
Missouri,Nevada,0
Missouri,New Hampshire,0
Missouri,New Jersey,0
Missouri,New Mexico,0
Missouri,New York,0
Missouri,North Carolina,0
Missouri,North Dakota,0
Missouri,Northern Mariana Islands,0
Missouri,Ohio,0
Missouri,Oklahoma,0
Missouri,Oregon,0
Missouri,Pennsylvania,0
Missouri,Puerto Rico,0
Missouri,Recovered,12705
Missouri,Rhode Island,0
Missouri,South Carolina,0
Missouri,South Dakota,0
Missouri,Tennessee,0
Missouri,Texas,0
Missouri,Utah,0
Missouri,Vermont,0
Missouri,Virgin Islands,0
Missouri,Virginia,0
Missouri,Washington,0
Missouri,West Virginia,0
Missouri,Wisconsin,0
Missouri,Wyoming,0
Montana,Nebraska,0
Montana,Nevada,0
Montana,New Hampshire,0
Montana,New Jersey,0
Montana,New Mexico,0
Montana,New York,0
Montana,North Carolina,0
Montana,North Dakota,0
Montana,Northern Mariana Islands,0
Montana,Ohio,0
Montana,Oklahoma,0
Montana,Oregon,0
Montana,Pennsylvania,0
Montana,Puerto Rico,0
Montana,Recovered,12705
Montana,Rhode Island,0
Montana,South Carolina,0
Montana,South Dakota,0
Montana,Tennessee,0
Montana,Texas,0
Montana,Utah,0
Montana,Vermont,0
Montana,Virgin Islands,0
Montana,Virginia,0
Montana,Washington,0
Montana,West Virginia,0
Montana,Wisconsin,0
Montana,Wyoming,0
Nebraska,Nevada,0
Nebraska,New Hampshire,0
Nebraska,New Jersey,0
Nebraska,New Mexico,0
Nebraska,New York,0
Nebraska,North Carolina,0
Nebraska,North Dakota,0
Nebraska,Northern Mariana Islands,0
Nebraska,Ohio,0
Nebraska,Oklahoma,0
Nebraska,Oregon,0
Nebraska,Pennsylvania,0
Nebraska,Puerto Rico,0
Nebraska,Recovered,12705
Nebraska,Rhode Island,0
Nebraska,South Carolina,0
Nebraska,South Dakota,0
Nebraska,Tennessee,0
Nebraska,Texas,0
Nebraska,Utah,0
Nebraska,Vermont,0
Nebraska,Virgin Islands,0
Nebraska,Virginia,0
Nebraska,Washington,0
Nebraska,West Virginia,0
Nebraska,Wisconsin,0
Nebraska,Wyoming,0
Nevada,New Hampshire,0
Nevada,New Jersey,0
Nevada,New Mexico,0
Nevada,New York,0
Nevada,North Carolina,0
Nevada,North Dakota,0
Nevada,Northern Mariana Islands,0
Nevada,Ohio,0
Nevada,Oklahoma,0
Nevada,Oregon,0
Nevada,Pennsylvania,0
Nevada,Puerto Rico,0
Nevada,Recovered,12705
Nevada,Rhode Island,0
Nevada,South Carolina,0
Nevada,South Dakota,0
Nevada,Tennessee,0
Nevada,Texas,0
Nevada,Utah,0
Nevada,Vermont,0
Nevada,Virgin Islands,0
Nevada,Virginia,0
Nevada,Washington,0
Nevada,West Virginia,0
Nevada,Wisconsin,0
Nevada,Wyoming,0
New Hampshire,New Jersey,0
New Hampshire,New Mexico,0
New Hampshire,New York,0
New Hampshire,North Carolina,0
New Hampshire,North Dakota,0
New Hampshire,Northern Mariana Islands,0
New Hampshire,Ohio,0
New Hampshire,Oklahoma,0
New Hampshire,Oregon,0
New Hampshire,Pennsylvania,0
New Hampshire,Puerto Rico,0
New Hampshire,Recovered,12705
New Hampshire,Rhode Island,0
New Hampshire,South Carolina,0
New Hampshire,South Dakota,0
New Hampshire,Tennessee,0
New Hampshire,Texas,0
New Hampshire,Utah,0
New Hampshire,Vermont,0
New Hampshire,Virgin Islands,0
New Hampshire,Virginia,0
New Hampshire,Washington,0
New Hampshire,West Virginia,0
New Hampshire,Wisconsin,0
New Hampshire,Wyoming,0
New Jersey,New Mexico,0
New Jersey,New York,0
New Jersey,North Carolina,0
New Jersey,North Dakota,0
New Jersey,Northern Mariana Islands,0
New Jersey,Ohio,0
New Jersey,Oklahoma,0
New Jersey,Oregon,0
New Jersey,Pennsylvania,0
New Jersey,Puerto Rico,0
New Jersey,Recovered,12705
New Jersey,Rhode Island,0
New Jersey,South Carolina,0
New Jersey,South Dakota,0
New Jersey,Tennessee,0
New Jersey,Texas,0
New Jersey,Utah,0
New Jersey,Vermont,0
New Jersey,Virgin Islands,0
New Jersey,Virginia,0
New Jersey,Washington,0
New Jersey,West Virginia,0
New Jersey,Wisconsin,0
New Jersey,Wyoming,0
New Mexico,New York,0
New Mexico,North Carolina,0
New Mexico,North Dakota,0
New Mexico,Northern Mariana Islands,0
New Mexico,Ohio,0
New Mexico,Oklahoma,0
New Mexico,Oregon,0
New Mexico,Pennsylvania,0
New Mexico,Puerto Rico,0
New Mexico,Recovered,12705
New Mexico,Rhode Island,0
New Mexico,South Carolina,0
New Mexico,South Dakota,0
New Mexico,Tennessee,0
New Mexico,Texas,0
New Mexico,Utah,0
New Mexico,Vermont,0
New Mexico,Virgin Islands,0
New Mexico,Virginia,0
New Mexico,Washington,0
New Mexico,West Virginia,0
New Mexico,Wisconsin,0
New Mexico,Wyoming,0
New York,North Carolina,0
New York,North Dakota,0
New York,Northern Mariana Islands,0
New York,Ohio,0
New York,Oklahoma,0
New York,Oregon,0
New York,Pennsylvania,0
New York,Puerto Rico,0
New York,Recovered,12705
New York,Rhode Island,0
New York,South Carolina,0
New York,South Dakota,0
New York,Tennessee,0
New York,Texas,0
New York,Utah,0
New York,Vermont,0
New York,Virgin Islands,0
New York,Virginia,0
New York,Washington,0
New York,West Virginia,0
New York,Wisconsin,0
New York,Wyoming,0
North Carolina,North Dakota,0
North Carolina,Northern Mariana Islands,0
North Carolina,Ohio,0
North Carolina,Oklahoma,0
North Carolina,Oregon,0
North Carolina,Pennsylvania,0
North Carolina,Puerto Rico,0
North Carolina,Recovered,12705
North Carolina,Rhode Island,0
North Carolina,South Carolina,0
North Carolina,South Dakota,0
North Carolina,Tennessee,0
North Carolina,Texas,0
North Carolina,Utah,0
North Carolina,Vermont,0
North Carolina,Virgin Islands,0
North Carolina,Virginia,0
North Carolina,Washington,0
North Carolina,West Virginia,0
North Carolina,Wisconsin,0
North Carolina,Wyoming,0
North Dakota,Northern Mariana Islands,0
North Dakota,Ohio,0
North Dakota,Oklahoma,0
North Dakota,Oregon,0
North Dakota,Pennsylvania,0
North Dakota,Puerto Rico,0
North Dakota,Recovered,12705
North Dakota,Rhode Island,0
North Dakota,South Carolina,0
North Dakota,South Dakota,0
North Dakota,Tennessee,0
North Dakota,Texas,0
North Dakota,Utah,0
North Dakota,Vermont,0
North Dakota,Virgin Islands,0
North Dakota,Virginia,0
North Dakota,Washington,0
North Dakota,West Virginia,0
North Dakota,Wisconsin,0
North Dakota,Wyoming,0
Northern Mariana Islands,Ohio,0
Northern Mariana Islands,Oklahoma,0
Northern Mariana Islands,Oregon,0
Northern Mariana Islands,Pennsylvania,0
Northern Mariana Islands,Puerto Rico,0
Northern Mariana Islands,Recovered,12705
Northern Mariana Islands,Rhode Island,0
Northern Mariana Islands,South Carolina,0
Northern Mariana Islands,South Dakota,0
Northern Mariana Islands,Tennessee,0
Northern Mariana Islands,Texas,0
Northern Mariana Islands,Utah,0
Northern Mariana Islands,Vermont,0
Northern Mariana Islands,Virgin Islands,0
Northern Mariana Islands,Virginia,0
Northern Mariana Islands,Washington,0
Northern Mariana Islands,West Virginia,0
Northern Mariana Islands,Wisconsin,0
Northern Mariana Islands,Wyoming,0
Ohio,Oklahoma,0
Ohio,Oregon,0
Ohio,Pennsylvania,0
Ohio,Puerto Rico,0
Ohio,Recovered,12705
Ohio,Rhode Island,0
Ohio,South Carolina,0
Ohio,South Dakota,0
Ohio,Tennessee,0
Ohio,Texas,0
Ohio,Utah,0
Ohio,Vermont,0
Ohio,Virgin Islands,0
Ohio,Virginia,0
Ohio,Washington,0
Ohio,West Virginia,0
Ohio,Wisconsin,0
Ohio,Wyoming,0
Oklahoma,Oregon,0
Oklahoma,Pennsylvania,0
Oklahoma,Puerto Rico,0
Oklahoma,Recovered,12705
Oklahoma,Rhode Island,0
Oklahoma,South Carolina,0
Oklahoma,South Dakota,0
Oklahoma,Tennessee,0
Oklahoma,Texas,0
Oklahoma,Utah,0
Oklahoma,Vermont,0
Oklahoma,Virgin Islands,0
Oklahoma,Virginia,0
Oklahoma,Washington,0
Oklahoma,West Virginia,0
Oklahoma,Wisconsin,0
Oklahoma,Wyoming,0
Oregon,Pennsylvania,0
Oregon,Puerto Rico,0
Oregon,Recovered,12705
Oregon,Rhode Island,0
Oregon,South Carolina,0
Oregon,South Dakota,0
Oregon,Tennessee,0
Oregon,Texas,0
Oregon,Utah,0
Oregon,Vermont,0
Oregon,Virgin Islands,0
Oregon,Virginia,0
Oregon,Washington,0
Oregon,West Virginia,0
Oregon,Wisconsin,0
Oregon,Wyoming,0
Pennsylvania,Puerto Rico,0
Pennsylvania,Recovered,12705
Pennsylvania,Rhode Island,0
Pennsylvania,South Carolina,0
Pennsylvania,South Dakota,0
Pennsylvania,Tennessee,0
Pennsylvania,Texas,0
Pennsylvania,Utah,0
Pennsylvania,Vermont,0
Pennsylvania,Virgin Islands,0
Pennsylvania,Virginia,0
Pennsylvania,Washington,0
Pennsylvania,West Virginia,0
Pennsylvania,Wisconsin,0
Pennsylvania,Wyoming,0
Puerto Rico,Recovered,12705
Puerto Rico,Rhode Island,0
Puerto Rico,South Carolina,0
Puerto Rico,South Dakota,0
Puerto Rico,Tennessee,0
Puerto Rico,Texas,0
Puerto Rico,Utah,0
Puerto Rico,Vermont,0
Puerto Rico,Virgin Islands,0
Puerto Rico,Virginia,0
Puerto Rico,Washington,0
Puerto Rico,West Virginia,0
Puerto Rico,Wisconsin,0
Puerto Rico,Wyoming,0
Recovered,Rhode Island,12705
Recovered,South Carolina,12705
Recovered,South Dakota,12705
Recovered,Tennessee,12705
Recovered,Texas,12705
Recovered,Utah,12705
Recovered,Vermont,12705
Recovered,Virgin Islands,12705
Recovered,Virginia,12705
Recovered,Washington,12705
Recovered,West Virginia,12705
Recovered,Wisconsin,12705
Recovered,Wyoming,12705
Rhode Island,South Carolina,0
Rhode Island,South Dakota,0
Rhode Island,Tennessee,0
Rhode Island,Texas,0
Rhode Island,Utah,0
Rhode Island,Vermont,0
Rhode Island,Virgin Islands,0
Rhode Island,Virginia,0
Rhode Island,Washington,0
Rhode Island,West Virginia,0
Rhode Island,Wisconsin,0
Rhode Island,Wyoming,0
South Carolina,South Dakota,0
South Carolina,Tennessee,0
South Carolina,Texas,0
South Carolina,Utah,0
South Carolina,Vermont,0
South Carolina,Virgin Islands,0
South Carolina,Virginia,0
South Carolina,Washington,0
South Carolina,West Virginia,0
South Carolina,Wisconsin,0
South Carolina,Wyoming,0
South Dakota,Tennessee,0
South Dakota,Texas,0
South Dakota,Utah,0
South Dakota,Vermont,0
South Dakota,Virgin Islands,0
South Dakota,Virginia,0
South Dakota,Washington,0
South Dakota,West Virginia,0
South Dakota,Wisconsin,0
South Dakota,Wyoming,0
Tennessee,Texas,0
Tennessee,Utah,0
Tennessee,Vermont,0
Tennessee,Virgin Islands,0
Tennessee,Virginia,0
Tennessee,Washington,0
Tennessee,West Virginia,0
Tennessee,Wisconsin,0
Tennessee,Wyoming,0
Texas,Utah,0
Texas,Vermont,0
Texas,Virgin Islands,0
Texas,Virginia,0
Texas,Washington,0
Texas,West Virginia,0
Texas,Wisconsin,0
Texas,Wyoming,0
Utah,Vermont,0
Utah,Virgin Islands,0
Utah,Virginia,0
Utah,Washington,0
Utah,West Virginia,0
Utah,Wisconsin,0
Utah,Wyoming,0
Vermont,Virgin Islands,0
Vermont,Virginia,0
Vermont,Washington,0
Vermont,West Virginia,0
Vermont,Wisconsin,0
Vermont,Wyoming,0
Virgin Islands,Virginia,0
Virgin Islands,Washington,0
Virgin Islands,West Virginia,0
Virgin Islands,Wisconsin,0
Virgin Islands,Wyoming,0
Virginia,Washington,0
Virginia,West Virginia,0
Virginia,Wisconsin,0
Virginia,Wyoming,0
Washington,West Virginia,0
Washington,Wisconsin,0
Washington,Wyoming,0
West Virginia,Wisconsin,0
West Virginia,Wyoming,0
Wisconsin,Wyoming,0
Aruba,Bonaire,10
Aruba,Curacao,13
Aruba,Sint Maarten,10
Bonaire,Curacao,3
Bonaire,Sint Maarten,0
Curacao,Sint Maarten,4
Anguilla,Bermuda,12
Anguilla,British Virgin Islands,0
Anguilla,Cayman Islands,3
Anguilla,Channel Islands,20
Anguilla,Falkland Islands (Malvinas),0
Anguilla,Gibraltar,30
Anguilla,Isle of Man,46
Anguilla,Montserrat,0
Anguilla,Turks and Caicos Islands,0
Bermuda,British Virgin Islands,12
Bermuda,Cayman Islands,15
Bermuda,Channel Islands,32
Bermuda,Falkland Islands (Malvinas),13
Bermuda,Gibraltar,42
Bermuda,Isle of Man,58
Bermuda,Montserrat,12
Bermuda,Turks and Caicos Islands,12
British Virgin Islands,Cayman Islands,3
British Virgin Islands,Channel Islands,20
British Virgin Islands,Falkland Islands (Malvinas),0
British Virgin Islands,Gibraltar,30
British Virgin Islands,Isle of Man,46
British Virgin Islands,Montserrat,0
British Virgin Islands,Turks and Caicos Islands,0
Cayman Islands,Channel Islands,23
Cayman Islands,Falkland Islands (Malvinas),3
Cayman Islands,Gibraltar,33
Cayman Islands,Isle of Man,49
Cayman Islands,Montserrat,3
Cayman Islands,Turks and Caicos Islands,3
Channel Islands,Falkland Islands (Malvinas),20
Channel Islands,Gibraltar,50
Channel Islands,Isle of Man,66
Channel Islands,Montserrat,20
Channel Islands,Turks and Caicos Islands,20
Falkland Islands (Malvinas),Gibraltar,30
Falkland Islands (Malvinas),Isle of Man,46
Falkland Islands (Malvinas),Montserrat,0
Falkland Islands (Malvinas),Turks and Caicos Islands,0
Gibraltar,Isle of Man,76
Gibraltar,Montserrat,30
Gibraltar,Turks and Caicos Islands,30
Isle of Man,Montserrat,46
Isle of Man,Turks and Caicos Islands,46
Montserrat,Turks and Caicos Islands,0
Alberta,British Columbia,0
Alberta,Diamond Princess cruise ship,0
Alberta,Grand Princess,0
Alberta,Manitoba,0
Alberta,New Brunswick,0
Alberta,Newfoundland and Labrador,0
Alberta,Northwest Territories,0
Alberta,Nova Scotia,0
Alberta,Ontario,0
Alberta,Prince Edward Island,0
Alberta,Quebec,0
Alberta,Recovered,12705
Alberta,Saskatchewan,0
Alberta,Yukon,0
British Columbia,Diamond Princess cruise ship,0
British Columbia,Grand Princess,0
British Columbia,Manitoba,0
British Columbia,New Brunswick,0
British Columbia,Newfoundland and Labrador,0
British Columbia,Northwest Territories,0
British Columbia,Nova Scotia,0
British Columbia,Ontario,0
British Columbia,Prince Edward Island,0
British Columbia,Quebec,0
British Columbia,Recovered,12705
British Columbia,Saskatchewan,0
British Columbia,Yukon,0
Diamond Princess cruise ship,Grand Princess,0
Diamond Princess cruise ship,Manitoba,0
Diamond Princess cruise ship,New Brunswick,0
Diamond Princess cruise ship,Newfoundland and Labrador,0
Diamond Princess cruise ship,Northwest Territories,0
Diamond Princess cruise ship,Nova Scotia,0
Diamond Princess cruise ship,Ontario,0
Diamond Princess cruise ship,Prince Edward Island,0
Diamond Princess cruise ship,Quebec,0
Diamond Princess cruise ship,Recovered,12705
Diamond Princess cruise ship,Saskatchewan,0
Diamond Princess cruise ship,Yukon,0
Grand Princess,Manitoba,0
Grand Princess,New Brunswick,0
Grand Princess,Newfoundland and Labrador,0
Grand Princess,Northwest Territories,0
Grand Princess,Nova Scotia,0
Grand Princess,Ontario,0
Grand Princess,Prince Edward Island,0
Grand Princess,Quebec,0
Grand Princess,Recovered,12705
Grand Princess,Saskatchewan,0
Grand Princess,Yukon,0
Manitoba,New Brunswick,0
Manitoba,Newfoundland and Labrador,0
Manitoba,Northwest Territories,0
Manitoba,Nova Scotia,0
Manitoba,Ontario,0
Manitoba,Prince Edward Island,0
Manitoba,Quebec,0
Manitoba,Recovered,12705
Manitoba,Saskatchewan,0
Manitoba,Yukon,0
New Brunswick,Newfoundland and Labrador,0
New Brunswick,Northwest Territories,0
New Brunswick,Nova Scotia,0
New Brunswick,Ontario,0
New Brunswick,Prince Edward Island,0
New Brunswick,Quebec,0
New Brunswick,Recovered,12705
New Brunswick,Saskatchewan,0
New Brunswick,Yukon,0
Newfoundland and Labrador,Northwest Territories,0
Newfoundland and Labrador,Nova Scotia,0
Newfoundland and Labrador,Ontario,0
Newfoundland and Labrador,Prince Edward Island,0
Newfoundland and Labrador,Quebec,0
Newfoundland and Labrador,Recovered,12705
Newfoundland and Labrador,Saskatchewan,0
Newfoundland and Labrador,Yukon,0
Northwest Territories,Nova Scotia,0
Northwest Territories,Ontario,0
Northwest Territories,Prince Edward Island,0
Northwest Territories,Quebec,0
Northwest Territories,Recovered,12705
Northwest Territories,Saskatchewan,0
Northwest Territories,Yukon,0
Nova Scotia,Ontario,0
Nova Scotia,Prince Edward Island,0
Nova Scotia,Quebec,0
Nova Scotia,Recovered,12705
Nova Scotia,Saskatchewan,0
Nova Scotia,Yukon,0
Ontario,Prince Edward Island,0
Ontario,Quebec,0
Ontario,Recovered,12705
Ontario,Saskatchewan,0
Ontario,Yukon,0
Prince Edward Island,Quebec,0
Prince Edward Island,Recovered,12705
Prince Edward Island,Saskatchewan,0
Prince Edward Island,Yukon,0
Quebec,Recovered,12705
Quebec,Saskatchewan,0
Quebec,Yukon,0
Recovered,Saskatchewan,12705
Recovered,Yukon,12705
Saskatchewan,Yukon,0
French Guiana,French Polynesia,21
French Guiana,Guadeloupe,43
French Guiana,Martinique,46
French Guiana,Mayotte,32
French Guiana,New Caledonia,22
French Guiana,Reunion,41
French Guiana,Saint Barthelemy,22
French Guiana,Saint Pierre and Miquelon,21
French Guiana,St Martin,25
French Polynesia,Guadeloupe,21
French Polynesia,Martinique,25
French Polynesia,Mayotte,11
French Polynesia,New Caledonia,0
French Polynesia,Reunion,20
French Polynesia,Saint Barthelemy,0
French Polynesia,Saint Pierre and Miquelon,0
French Polynesia,St Martin,3
Guadeloupe,Martinique,46
Guadeloupe,Mayotte,32
Guadeloupe,New Caledonia,22
Guadeloupe,Reunion,41
Guadeloupe,Saint Barthelemy,22
Guadeloupe,Saint Pierre and Miquelon,21
Guadeloupe,St Martin,25
Martinique,Mayotte,36
Martinique,New Caledonia,25
Martinique,Reunion,45
Martinique,Saint Barthelemy,25
Martinique,Saint Pierre and Miquelon,25
Martinique,St Martin,28
Mayotte,New Caledonia,11
Mayotte,Reunion,31
Mayotte,Saint Barthelemy,11
Mayotte,Saint Pierre and Miquelon,11
Mayotte,St Martin,14
New Caledonia,Reunion,20
New Caledonia,Saint Barthelemy,1
New Caledonia,Saint Pierre and Miquelon,0
New Caledonia,St Martin,4
Reunion,Saint Barthelemy,20
Reunion,Saint Pierre and Miquelon,20
Reunion,St Martin,23
Saint Barthelemy,Saint Pierre and Miquelon,0
Saint Barthelemy,St Martin,4
Saint Pierre and Miquelon,St Martin,3
Australian Capital Territory,New South Wales,25
Australian Capital Territory,Northern Territory,24
Australian Capital Territory,Queensland,196
Australian Capital Territory,South Australia,83
Australian Capital Territory,Tasmania,47
Australian Capital Territory,Victoria,391
Australian Capital Territory,Western Australia,108
New South Wales,Northern Territory,3
New South Wales,Queensland,174
New South Wales,South Australia,62
New South Wales,Tasmania,26
New South Wales,Victoria,370
New South Wales,Western Australia,87
Northern Territory,Queensland,173
Northern Territory,South Australia,61
Northern Territory,Tasmania,25
Northern Territory,Victoria,369
Northern Territory,Western Australia,86
Queensland,South Australia,232
Queensland,Tasmania,196
Queensland,Victoria,540
Queensland,Western Australia,257
South Australia,Tasmania,84
South Australia,Victoria,428
South Australia,Western Australia,145
Tasmania,Victoria,392
Tasmania,Western Australia,109
Victoria,Western Australia,453
Faroe Islands,Greenland,73
Anhui,Beijing,724
Anhui,Chongqing,777
Anhui,Fujian,646
Anhui,Gansu,559
Anhui,Guangdong,1203
Anhui,Guangxi,618
Anhui,Guizhou,564
Anhui,Hainan,573
Anhui,Hebei,648
Anhui,Heilongjiang,727
Anhui,Henan,1118
Anhui,Hubei,32585
Anhui,Hunan,999
Anhui,Inner Mongolia,531
Anhui,Jiangsu,808
Anhui,Jiangxi,959
Anhui,Jilin,538
Anhui,Liaoning,558
Anhui,Ningxia,529
Anhui,Qinghai,501
Anhui,Shaanxi,615
Anhui,Shandong,870
Anhui,Shanghai,703
Anhui,Shanxi,559
Anhui,Sichuan,762
Anhui,Tianjin,568
Anhui,Tibet,492
Anhui,Xinjiang,528
Anhui,Yunnan,578
Anhui,Zhejiang,1109
Beijing,Chongqing,517
Beijing,Fujian,386
Beijing,Gansu,299
Beijing,Guangdong,943
Beijing,Guangxi,358
Beijing,Guizhou,304
Beijing,Hainan,313
Beijing,Hebei,388
Beijing,Heilongjiang,467
Beijing,Henan,858
Beijing,Hubei,32325
Beijing,Hunan,739
Beijing,Inner Mongolia,271
Beijing,Jiangsu,548
Beijing,Jiangxi,699
Beijing,Jilin,278
Beijing,Liaoning,298
Beijing,Ningxia,269
Beijing,Qinghai,241
Beijing,Shaanxi,355
Beijing,Shandong,610
Beijing,Shanghai,443
Beijing,Shanxi,299
Beijing,Sichuan,502
Beijing,Tianjin,308
Beijing,Tibet,232
Beijing,Xinjiang,268
Beijing,Yunnan,318
Beijing,Zhejiang,849
Chongqing,Fujian,439
Chongqing,Gansu,352
Chongqing,Guangdong,996
Chongqing,Guangxi,411
Chongqing,Guizhou,357
Chongqing,Hainan,366
Chongqing,Hebei,441
Chongqing,Heilongjiang,520
Chongqing,Henan,911
Chongqing,Hubei,32378
Chongqing,Hunan,792
Chongqing,Inner Mongolia,324
Chongqing,Jiangsu,601
Chongqing,Jiangxi,752
Chongqing,Jilin,331
Chongqing,Liaoning,351
Chongqing,Ningxia,322
Chongqing,Qinghai,294
Chongqing,Shaanxi,408
Chongqing,Shandong,663
Chongqing,Shanghai,496
Chongqing,Shanxi,352
Chongqing,Sichuan,555
Chongqing,Tianjin,361
Chongqing,Tibet,285
Chongqing,Xinjiang,321
Chongqing,Yunnan,371
Chongqing,Zhejiang,902
Fujian,Gansu,221
Fujian,Guangdong,865
Fujian,Guangxi,280
Fujian,Guizhou,226
Fujian,Hainan,235
Fujian,Hebei,310
Fujian,Heilongjiang,389
Fujian,Henan,780
Fujian,Hubei,32247
Fujian,Hunan,661
Fujian,Inner Mongolia,193
Fujian,Jiangsu,470
Fujian,Jiangxi,621
Fujian,Jilin,200
Fujian,Liaoning,220
Fujian,Ningxia,191
Fujian,Qinghai,163
Fujian,Shaanxi,277
Fujian,Shandong,532
Fujian,Shanghai,365
Fujian,Shanxi,221
Fujian,Sichuan,424
Fujian,Tianjin,230
Fujian,Tibet,154
Fujian,Xinjiang,190
Fujian,Yunnan,240
Fujian,Zhejiang,771
Gansu,Guangdong,779
Gansu,Guangxi,193
Gansu,Guizhou,139
Gansu,Hainan,148
Gansu,Hebei,224
Gansu,Heilongjiang,302
Gansu,Henan,693
Gansu,Hubei,32161
Gansu,Hunan,574
Gansu,Inner Mongolia,107
Gansu,Jiangsu,384
Gansu,Jiangxi,535
Gansu,Jilin,114
Gansu,Liaoning,133
Gansu,Ningxia,105
Gansu,Qinghai,76
Gansu,Shaanxi,190
Gansu,Shandong,445
Gansu,Shanghai,278
Gansu,Shanxi,134
Gansu,Sichuan,338
Gansu,Tianjin,143
Gansu,Tibet,68
Gansu,Xinjiang,104
Gansu,Yunnan,154
Gansu,Zhejiang,685
Guangdong,Guangxi,837
Guangdong,Guizhou,783
Guangdong,Hainan,792
Guangdong,Hebei,868
Guangdong,Heilongjiang,946
Guangdong,Henan,1337
Guangdong,Hubei,32805
Guangdong,Hunan,1218
Guangdong,Inner Mongolia,751
Guangdong,Jiangsu,1028
Guangdong,Jiangxi,1179
Guangdong,Jilin,758
Guangdong,Liaoning,777
Guangdong,Ningxia,749
Guangdong,Qinghai,720
Guangdong,Shaanxi,834
Guangdong,Shandong,1089
Guangdong,Shanghai,922
Guangdong,Shanxi,778
Guangdong,Sichuan,982
Guangdong,Tianjin,787
Guangdong,Tibet,712
Guangdong,Xinjiang,748
Guangdong,Yunnan,798
Guangdong,Zhejiang,1329
Guangxi,Guizhou,198
Guangxi,Hainan,207
Guangxi,Hebei,282
Guangxi,Heilongjiang,361
Guangxi,Henan,752
Guangxi,Hubei,32219
Guangxi,Hunan,633
Guangxi,Inner Mongolia,165
Guangxi,Jiangsu,442
Guangxi,Jiangxi,593
Guangxi,Jilin,172
Guangxi,Liaoning,192
Guangxi,Ningxia,163
Guangxi,Qinghai,135
Guangxi,Shaanxi,249
Guangxi,Shandong,504
Guangxi,Shanghai,337
Guangxi,Shanxi,193
Guangxi,Sichuan,396
Guangxi,Tianjin,202
Guangxi,Tibet,126
Guangxi,Xinjiang,162
Guangxi,Yunnan,212
Guangxi,Zhejiang,743
Guizhou,Hainan,153
Guizhou,Hebei,228
Guizhou,Heilongjiang,307
Guizhou,Henan,698
Guizhou,Hubei,32165
Guizhou,Hunan,579
Guizhou,Inner Mongolia,111
Guizhou,Jiangsu,388
Guizhou,Jiangxi,539
Guizhou,Jilin,118
Guizhou,Liaoning,138
Guizhou,Ningxia,109
Guizhou,Qinghai,81
Guizhou,Shaanxi,195
Guizhou,Shandong,450
Guizhou,Shanghai,283
Guizhou,Shanxi,139
Guizhou,Sichuan,342
Guizhou,Tianjin,148
Guizhou,Tibet,72
Guizhou,Xinjiang,108
Guizhou,Yunnan,158
Guizhou,Zhejiang,689
Hainan,Hebei,237
Hainan,Heilongjiang,316
Hainan,Henan,707
Hainan,Hubei,32174
Hainan,Hunan,588
Hainan,Inner Mongolia,120
Hainan,Jiangsu,397
Hainan,Jiangxi,548
Hainan,Jilin,127
Hainan,Liaoning,147
Hainan,Ningxia,118
Hainan,Qinghai,90
Hainan,Shaanxi,204
Hainan,Shandong,459
Hainan,Shanghai,292
Hainan,Shanxi,148
Hainan,Sichuan,351
Hainan,Tianjin,157
Hainan,Tibet,81
Hainan,Xinjiang,117
Hainan,Yunnan,167
Hainan,Zhejiang,698
Hebei,Heilongjiang,391
Hebei,Henan,782
Hebei,Hubei,32250
Hebei,Hunan,663
Hebei,Inner Mongolia,196
Hebei,Jiangsu,473
Hebei,Jiangxi,624
Hebei,Jilin,203
Hebei,Liaoning,222
Hebei,Ningxia,194
Hebei,Qinghai,165
Hebei,Shaanxi,279
Hebei,Shandong,534
Hebei,Shanghai,367
Hebei,Shanxi,223
Hebei,Sichuan,427
Hebei,Tianjin,232
Hebei,Tibet,157
Hebei,Xinjiang,193
Hebei,Yunnan,243
Hebei,Zhejiang,774
Heilongjiang,Henan,861
Heilongjiang,Hubei,32328
Heilongjiang,Hunan,742
Heilongjiang,Inner Mongolia,274
Heilongjiang,Jiangsu,551
Heilongjiang,Jiangxi,702
Heilongjiang,Jilin,281
Heilongjiang,Liaoning,301
Heilongjiang,Ningxia,272
Heilongjiang,Qinghai,244
Heilongjiang,Shaanxi,358
Heilongjiang,Shandong,613
Heilongjiang,Shanghai,446
Heilongjiang,Shanxi,302
Heilongjiang,Sichuan,505
Heilongjiang,Tianjin,311
Heilongjiang,Tibet,235
Heilongjiang,Xinjiang,271
Heilongjiang,Yunnan,321
Heilongjiang,Zhejiang,852
Henan,Hubei,32719
Henan,Hunan,1133
Henan,Inner Mongolia,665
Henan,Jiangsu,942
Henan,Jiangxi,1093
Henan,Jilin,672
Henan,Liaoning,692
Henan,Ningxia,663
Henan,Qinghai,635
Henan,Shaanxi,749
Henan,Shandong,1004
Henan,Shanghai,837
Henan,Shanxi,693
Henan,Sichuan,896
Henan,Tianjin,702
Henan,Tibet,626
Henan,Xinjiang,662
Henan,Yunnan,712
Henan,Zhejiang,1243
Hubei,Hunan,32600
Hubei,Inner Mongolia,32133
Hubei,Jiangsu,32410
Hubei,Jiangxi,32561
Hubei,Jilin,32140
Hubei,Liaoning,32159
Hubei,Ningxia,32131
Hubei,Qinghai,32102
Hubei,Shaanxi,32216
Hubei,Shandong,32471
Hubei,Shanghai,32304
Hubei,Shanxi,32160
Hubei,Sichuan,32364
Hubei,Tianjin,32169
Hubei,Tibet,32094
Hubei,Xinjiang,32130
Hubei,Yunnan,32180
Hubei,Zhejiang,32711
Hunan,Inner Mongolia,546
Hunan,Jiangsu,823
Hunan,Jiangxi,974
Hunan,Jilin,553
Hunan,Liaoning,573
Hunan,Ningxia,544
Hunan,Qinghai,516
Hunan,Shaanxi,630
Hunan,Shandong,885
Hunan,Shanghai,718
Hunan,Shanxi,574
Hunan,Sichuan,777
Hunan,Tianjin,583
Hunan,Tibet,507
Hunan,Xinjiang,543
Hunan,Yunnan,593
Hunan,Zhejiang,1124
Inner Mongolia,Jiangsu,356
Inner Mongolia,Jiangxi,507
Inner Mongolia,Jilin,86
Inner Mongolia,Liaoning,105
Inner Mongolia,Ningxia,77
Inner Mongolia,Qinghai,48
Inner Mongolia,Shaanxi,162
Inner Mongolia,Shandong,417
Inner Mongolia,Shanghai,250
Inner Mongolia,Shanxi,106
Inner Mongolia,Sichuan,310
Inner Mongolia,Tianjin,115
Inner Mongolia,Tibet,40
Inner Mongolia,Xinjiang,76
Inner Mongolia,Yunnan,126
Inner Mongolia,Zhejiang,657
Jiangsu,Jiangxi,784
Jiangsu,Jilin,363
Jiangsu,Liaoning,382
Jiangsu,Ningxia,354
Jiangsu,Qinghai,325
Jiangsu,Shaanxi,439
Jiangsu,Shandong,694
Jiangsu,Shanghai,527
Jiangsu,Shanxi,383
Jiangsu,Sichuan,587
Jiangsu,Tianjin,392
Jiangsu,Tibet,317
Jiangsu,Xinjiang,353
Jiangsu,Yunnan,403
Jiangsu,Zhejiang,934
Jiangxi,Jilin,514
Jiangxi,Liaoning,533
Jiangxi,Ningxia,505
Jiangxi,Qinghai,476
Jiangxi,Shaanxi,590
Jiangxi,Shandong,845
Jiangxi,Shanghai,678
Jiangxi,Shanxi,534
Jiangxi,Sichuan,738
Jiangxi,Tianjin,543
Jiangxi,Tibet,468
Jiangxi,Xinjiang,504
Jiangxi,Yunnan,554
Jiangxi,Zhejiang,1085
Jilin,Liaoning,112
Jilin,Ningxia,84
Jilin,Qinghai,55
Jilin,Shaanxi,169
Jilin,Shandong,424
Jilin,Shanghai,257
Jilin,Shanxi,113
Jilin,Sichuan,317
Jilin,Tianjin,122
Jilin,Tibet,47
Jilin,Xinjiang,83
Jilin,Yunnan,133
Jilin,Zhejiang,664
Liaoning,Ningxia,103
Liaoning,Qinghai,75
Liaoning,Shaanxi,189
Liaoning,Shandong,444
Liaoning,Shanghai,277
Liaoning,Shanxi,133
Liaoning,Sichuan,336
Liaoning,Tianjin,142
Liaoning,Tibet,66
Liaoning,Xinjiang,102
Liaoning,Yunnan,152
Liaoning,Zhejiang,683
Ningxia,Qinghai,46
Ningxia,Shaanxi,160
Ningxia,Shandong,415
Ningxia,Shanghai,248
Ningxia,Shanxi,104
Ningxia,Sichuan,308
Ningxia,Tianjin,113
Ningxia,Tibet,38
Ningxia,Xinjiang,74
Ningxia,Yunnan,124
Ningxia,Zhejiang,655
Qinghai,Shaanxi,132
Qinghai,Shandong,387
Qinghai,Shanghai,220
Qinghai,Shanxi,76
Qinghai,Sichuan,279
Qinghai,Tianjin,85
Qinghai,Tibet,9
Qinghai,Xinjiang,45
Qinghai,Yunnan,95
Qinghai,Zhejiang,626
Shaanxi,Shandong,501
Shaanxi,Shanghai,334
Shaanxi,Shanxi,190
Shaanxi,Sichuan,393
Shaanxi,Tianjin,199
Shaanxi,Tibet,123
Shaanxi,Xinjiang,159
Shaanxi,Yunnan,209
Shaanxi,Zhejiang,740
Shandong,Shanghai,589
Shandong,Shanxi,445
Shandong,Sichuan,648
Shandong,Tianjin,454
Shandong,Tibet,378
Shandong,Xinjiang,414
Shandong,Yunnan,464
Shandong,Zhejiang,995
Shanghai,Shanxi,278
Shanghai,Sichuan,481
Shanghai,Tianjin,287
Shanghai,Tibet,211
Shanghai,Xinjiang,247
Shanghai,Yunnan,297
Shanghai,Zhejiang,828
Shanxi,Sichuan,337
Shanxi,Tianjin,143
Shanxi,Tibet,67
Shanxi,Xinjiang,103
Shanxi,Yunnan,153
Shanxi,Zhejiang,684
Sichuan,Tianjin,346
Sichuan,Tibet,271
Sichuan,Xinjiang,307
Sichuan,Yunnan,357
Sichuan,Zhejiang,888
Tianjin,Tibet,76
Tianjin,Xinjiang,112
Tianjin,Yunnan,162
Tianjin,Zhejiang,693
Tibet,Xinjiang,37
Tibet,Yunnan,87
Tibet,Zhejiang,618
Xinjiang,Yunnan,123
Xinjiang,Zhejiang,654
Yunnan,Zhejiang,704
